team_id,team_name,team_display,fifa_code,iso2,confederation,group_code,flag_url,is_world_cup_2026
1,Abkhazia,,,,,,,0
2,Afghanistan,,,,,,,0
3,Albania,,,,,,,0
4,Alderney,,,,,,,0
5,Algeria,🇩🇿 Algeria,DZA,DZ,CAF,J,https://flagcdn.com/w80/dz.png,1
6,Ambazonia,,,,,,,0
7,American Samoa,,,,,,,0
8,Andalusia,,,,,,,0
9,Andorra,,,,,,,0
10,Angola,,,,,,,0
11,Anguilla,,,,,,,0
12,Antigua and Barbuda,,,,,,,0
13,Antigua and Barbuda,,,,,,,0
14,Arameans Suryoye,,,,,,,0
15,Argentina,🇦🇷 Argentina,ARG,AR,CONMEBOL,J,https://flagcdn.com/w80/ar.png,1
16,Armenia,,,,,,,0
17,Artsakh,,,,,,,0
18,Aruba,,,,,,,0
19,Asturias,,,,,,,0
20,Australia,🇦🇺 Australia,AUS,AU,AFC,D,https://flagcdn.com/w80/au.png,1
21,Austria,🇦🇹 Austria,AUT,AT,UEFA,J,https://flagcdn.com/w80/at.png,1
22,Aymara,,,,,,,0
23,Azerbaijan,,,,,,,0
24,Bahamas,,,,,,,0
25,Bahrain,,,,,,,0
26,Bangladesh,,,,,,,0
27,Barawa,,,,,,,0
28,Barbados,,,,,,,0
29,Basque Country,,,,,,,0
30,Belarus,,,,,,,0
31,Belgium,🇧🇪 Belgium,BEL,BE,UEFA,G,https://flagcdn.com/w80/be.png,1
32,Belize,,,,,,,0
33,Benin,,,,,,,0
34,Bermuda,,,,,,,0
35,Bhutan,,,,,,,0
36,Biafra,,,,,,,0
37,Bolivia,,,,,,,0
38,Bonaire,,,,,,,0
39,Bosnia and Herzegovina,🇧🇦 Bosnia and Herzegovina,BIH,BA,UEFA,B,https://flagcdn.com/w80/ba.png,1
40,Bosnia and Herzegovina,,,,,,,0
41,Botswana,,,,,,,0
42,Brazil,🇧🇷 Brazil,BRA,BR,CONMEBOL,C,https://flagcdn.com/w80/br.png,1
43,British Virgin Islands,,,,,,,0
44,British Guiana,,,,,,,0
45,British Virgin Islands,,,,,,,0
46,Brittany,,,,,,,0
47,Brunei,,,,,,,0
48,Bulgaria,,,,,,,0
49,Burkina Faso,,,,,,,0
50,Burkina Faso,,,,,,,0
51,Burma,,,,,,,0
52,Burundi,,,,,,,0
53,Cambodia,,,,,,,0
54,Cameroon,,,,,,,0
55,Canada,🇨🇦 Canada,CAN,CA,CONCACAF,B,https://flagcdn.com/w80/ca.png,1
56,Canary Islands,,,,,,,0
57,Cape Verde,🇨🇻 Cape Verde,CPV,CV,CAF,H,https://flagcdn.com/w80/cv.png,1
58,Cape Verde,,,,,,,0
59,Cascadia,,,,,,,0
60,Catalonia,,,,,,,0
61,Cayman Islands,,,,,,,0
62,Cayman Islands,,,,,,,0
63,Central African Republic,,,,,,,0
64,Central Spain,,,,,,,0
65,Central African Republic,,,,,,,0
66,Ceylon,,,,,,,0
67,Chad,,,,,,,0
68,Chagos Islands,,,,,,,0
69,Chagos Islands,,,,,,,0
70,Chameria,,,,,,,0
71,Chechnya,,,,,,,0
72,Chile,,,,,,,0
73,China,,,,,,,0
74,Christmas Island,,,,,,,0
75,Cilento,,,,,,,0
76,Cocos Islands,,,,,,,0
77,Colombia,🇨🇴 Colombia,COL,CO,CONMEBOL,K,https://flagcdn.com/w80/co.png,1
78,Comoros,,,,,,,0
79,Congo,🇨🇩 Congo,COD,cd,CAF,,https://flagcdn.com/w80/cd.png,1
80,Congo-Brazzaville,,,,,,,0
81,Cook Islands,,,,,,,0
82,Cook Islands,,,,,,,0
83,Corsica,,,,,,,0
84,Costa Rica,,,,,,,0
85,Costa Rica,,,,,,,0
86,County of Nice,,,,,,,0
87,Crimea,,,,,,,0
88,Croatia,🇭🇷 Croatia,CRO,HR,UEFA,L,https://flagcdn.com/w80/hr.png,1
89,Cuba,,,,,,,0
90,Curacao,🇨🇼 Curacao,CUW,cw,CONCACAF,,https://flagcdn.com/w80/cw.png,1
91,Curaçao,,CUW,CW,,E,https://flagcdn.com/w80/cw.png,0
92,Cyprus,,,,,,,0
93,Czech Republic,🇨🇿 Czech Republic,CZE,CZ,UEFA,A,https://flagcdn.com/w80/cz.png,1
94,Czechia,,,,,,,0
95,Czechoslovakia,,,,,,,0
96,DR Congo,,,,,,,0
97,Dahomey,,,,,,,0
98,Darfur,,,,,,,0
99,Democratic Republic of Congo,,,,,,,0
100,Denmark,,,,,,,0
101,Djibouti,,,,,,,0
102,Dominica,,,,,,,0
103,Dominican Republic,,,,,,,0
104,Dominican Republic,,,,,,,0
105,Donetsk PR,,,,,,,0
106,Délvidék,,,,,,,0
107,East Turkestan,,,,,,,0
108,Eastern Samoa,,,,,,,0
109,East Germany,,,,,,,0
110,East Timor,,,,,,,0
111,Ecuador,🇪🇨 Ecuador,ECU,EC,CONMEBOL,E,https://flagcdn.com/w80/ec.png,1
112,Egypt,🇪🇬 Egypt,EGY,EG,CAF,G,https://flagcdn.com/w80/eg.png,1
113,El Salvador,,,,,,,0
114,Elba Island,,,,,,,0
115,Ellan Vannin,,,,,,,0
116,El Salvador,,,,,,,0
117,England,🏴 England,ENG,ENG,UEFA,L,https://flagcdn.com/w80/gb-eng.png,1
118,Equatorial Guinea,,,,,,,0
119,Equatorial Guinea,,,,,,,0
120,Eritrea,,,,,,,0
121,Estonia,,,,,,,0
122,Eswatini,,,,,,,0
123,Ethiopia,,,,,,,0
124,Falkland Islands,,,,,,,0
125,Falkland Islands,,,,,,,0
126,Faroe Islands,,,,,,,0
127,Faroe Islands,,,,,,,0
128,Federated States of Micronesia,,,,,,,0
129,Felvidék,,,,,,,0
130,Fiji,,,,,,,0
131,Finland,,,,,,,0
132,France,🇫🇷 France,FRA,FR,UEFA,I,https://flagcdn.com/w80/fr.png,1
133,Franconia,,,,,,,0
134,French Guiana,,,,,,,0
135,French Guiana,,,,,,,0
136,Frøya,,,,,,,0
137,Gabon,,,,,,,0
138,Galicia,,,,,,,0
139,Gambia,,,,,,,0
140,Georgia,,,,,,,0
141,German DR,,,,,,,0
142,Germany,🇩🇪 Germany,GER,DE,UEFA,E,https://flagcdn.com/w80/de.png,1
143,Ghana,🇬🇭 Ghana,GHA,GH,CAF,L,https://flagcdn.com/w80/gh.png,1
144,Gibraltar,,,,,,,0
145,Gotland,,,,,,,0
146,Gozo,,,,,,,0
147,Greece,,,,,,,0
148,Greenland,,,,,,,0
149,Grenada,,,,,,,0
150,Guadeloupe,,,,,,,0
151,Guam,,,,,,,0
152,Guatemala,,,,,,,0
153,Guernsey,,,,,,,0
154,Guinea,,,,,,,0
155,Guinea-Bissau,,,,,,,0
156,Guyana,,,,,,,0
157,Găgăuzia,,,,,,,0
158,Haiti,🇭🇹 Haiti,HTI,HT,CONCACAF,C,https://flagcdn.com/w80/ht.png,1
159,Hitra,,,,,,,0
160,Hmong,,,,,,,0
161,Honduras,,,,,,,0
162,Hong Kong,,,,,,,0
163,Hong Kong,,,,,,,0
164,Hungary,,,,,,,0
165,Iceland,,,,,,,0
166,India,,,,,,,0
167,Indonesia,,,,,,,0
168,Iran,🇮🇷 Iran,IRN,IR,AFC,G,https://flagcdn.com/w80/ir.png,1
169,Iraq,🇮🇶 Iraq,IRQ,IQ,AFC,I,https://flagcdn.com/w80/iq.png,1
170,Iraqi Kurdistan,,,,,,,0
171,Ireland,,,,,,,0
172,Isle of Man,,,,,,,0
173,Isle of Wight,,,,,,,0
174,Israel,,,,,,,0
175,Italy,,,,,,,0
176,Ivory Coast,🇨🇮 Ivory Coast,CIV,CI,CAF,E,https://flagcdn.com/w80/ci.png,1
177,Ivory Coast,,,,,,,0
178,Jamaica,,,,,,,0
179,Japan,🇯🇵 Japan,JPN,JP,AFC,F,https://flagcdn.com/w80/jp.png,1
180,Jersey,,,,,,,0
181,Jordan,🇯🇴 Jordan,JOR,JO,AFC,J,https://flagcdn.com/w80/jo.png,1
182,Kabylia,,,,,,,0
183,Kazakhstan,,,,,,,0
184,Kenya,,,,,,,0
185,Kernow,,,,,,,0
186,Khmer Republic,,,,,,,0
187,Kiribati,,,,,,,0
188,Kosovo,,,,,,,0
189,Kurdistan,,,,,,,0
190,Kuwait,,,,,,,0
191,Kyrgyzstan,,,,,,,0
192,Kárpátalja,,,,,,,0
193,Laos,,,,,,,0
194,Latvia,,,,,,,0
195,Lebanon,,,,,,,0
196,Lesotho,,,,,,,0
197,Liberia,,,,,,,0
198,Libya,,,,,,,0
199,Liechtenstein,,,,,,,0
200,Lithuania,,,,,,,0
201,Luhansk PR,,,,,,,0
202,Luxembourg,,,,,,,0
203,Macao,,,,,,,0
204,Macau,,,,,,,0
205,Macedonia,,,,,,,0
206,Madagascar,,,,,,,0
207,Madrid,,,,,,,0
208,Malawi,,,,,,,0
209,Malaya,,,,,,,0
210,Malaysia,,,,,,,0
211,Maldives,,,,,,,0
212,Mali,,,,,,,0
213,Malta,,,,,,,0
214,Manchukuo,,,,,,,0
215,Mapuche,,,,,,,0
216,Marshall Islands,,,,,,,0
217,Marshall Islands,,,,,,,0
218,Martinique,,,,,,,0
219,Matabeleland,,,,,,,0
220,Maule Sur,,,,,,,0
221,Mauritania,,,,,,,0
222,Mauritius,,,,,,,0
223,Mayotte,,,,,,,0
224,Menorca,,,,,,,0
225,Mexico,🇲🇽 Mexico,MEX,MX,CONCACAF,A,https://flagcdn.com/w80/mx.png,1
226,Micronesia,,,,,,,0
227,Moldova,,,,,,,0
228,Monaco,,,,,,,0
229,Mongolia,,,,,,,0
230,Montenegro,,,,,,,0
231,Montserrat,,,,,,,0
232,Morocco,🇲🇦 Morocco,MAR,MA,CAF,C,https://flagcdn.com/w80/ma.png,1
233,Mozambique,,,,,,,0
234,Myanmar,,,,,,,0
235,Namibia,,,,,,,0
236,Nepal,,,,,,,0
237,Netherlands,🇳🇱 Netherlands,NED,NL,UEFA,F,https://flagcdn.com/w80/nl.png,1
238,Netherlands Antilles,,,,,,,0
239,New Caledonia,,,,,,,0
240,New Zealand,🇳🇿 New Zealand,NZL,NZ,OFC,G,https://flagcdn.com/w80/nz.png,1
241,New Caledonia,,,,,,,0
242,New Zealand,,,,,,,0
243,Nicaragua,,,,,,,0
244,Niger,,,,,,,0
245,Nigeria,,,,,,,0
246,Niue,,,,,,,0
247,North Korea,,,,,,,0
248,North Macedonia,,,,,,,0
249,North Vietnam,,,,,,,0
250,Northern Cyprus,,,,,,,0
251,Northern Ireland,,,,,,,0
252,Northern Mariana Islands,,,,,,,0
253,Northern Cyprus,,,,,,,0
254,Northern Ireland,,,,,,,0
255,Northern Mariana Islands,,,,,,,0
256,Northern Rhodesia,,,,,,,0
257,North Korea,,,,,,,0
258,North Macedonia,,,,,,,0
259,North Vietnam,,,,,,,0
260,North Yemen,,,,,,,0
261,Norway,🇳🇴 Norway,NOR,NO,UEFA,I,https://flagcdn.com/w80/no.png,1
262,Occitania,,,,,,,0
263,Oman,,,,,,,0
264,Orkney,,,,,,,0
265,Padania,,,,,,,0
266,Pakistan,,,,,,,0
267,Palau,,,,,,,0
268,Palestine,,,,,,,0
269,Panama,🇵🇦 Panama,PAN,PA,CONCACAF,L,https://flagcdn.com/w80/pa.png,1
270,Panjab,,,,,,,0
271,Papua New Guinea,,,,,,,0
272,Papua New Guinea,,,,,,,0
273,Paraguay,🇵🇾 Paraguay,PAR,PY,CONMEBOL,D,https://flagcdn.com/w80/py.png,1
274,Parishes of Jersey,,,,,,,0
275,Peru,,,,,,,0
276,Philippines,,,,,,,0
277,Poland,,,,,,,0
278,Portugal,🇵🇹 Portugal,POR,PT,UEFA,K,https://flagcdn.com/w80/pt.png,1
279,Provence,,,,,,,0
280,Puerto Rico,,,,,,,0
281,Puerto Rico,,,,,,,0
282,Qatar,🇶🇦 Qatar,QAT,QA,AFC,B,https://flagcdn.com/w80/qa.png,1
283,Quebec,,,,,,,0
284,Raetia,,,,,,,0
285,Republic of Ireland,,,,,,,0
286,Republic of St. Pauli,,,,,,,0
287,Reunion,,,,,,,0
288,Rhodes,,,,,,,0
289,Romani people,,,,,,,0
290,Romania,,,,,,,0
291,Russia,,,,,,,0
292,Rwanda,,,,,,,0
293,Ryūkyū,,,,,,,0
294,Réunion,,,,,,,0
295,Saare County,,,,,,,0
296,Saarland,,,,,,,0
297,Saba,,,,,,,0
298,Saint Barthélemy,,,,,,,0
299,Saint Helena,,,,,,,0
300,Saint Kitts and Nevis,,,,,,,0
301,Saint Lucia,,,,,,,0
302,Saint Martin,,,,,,,0
303,Saint Pierre and Miquelon,,,,,,,0
304,Saint Vincent and the Grenadines,,,,,,,0
305,Saint Barthelemy,,,,,,,0
306,Saint Kitts and Nevis,,,,,,,0
307,Saint Lucia,,,,,,,0
308,Saint Martin,,,,,,,0
309,Saint Pierre and Miquelon,,,,,,,0
310,Saint Vincent and the Grenadines,,,,,,,0
311,Samoa,,,,,,,0
312,San Marino,,,,,,,0
313,San Marino,,,,,,,0
314,Sao Tome and Principe,,,,,,,0
315,Sark,,,,,,,0
316,Saudi Arabia,🇸🇦 Saudi Arabia,KSA,SA,AFC,H,https://flagcdn.com/w80/sa.png,1
317,Saudi Arabia,,,,,,,0
318,Saugeais,,,,,,,0
319,Scotland,🏴 Scotland,SCO,SCO,UEFA,C,https://flagcdn.com/w80/gb-sct.png,1
320,Sealand,,,,,,,0
321,Seborga,,,,,,,0
322,Senegal,🇸🇳 Senegal,SEN,SN,CAF,I,https://flagcdn.com/w80/sn.png,1
323,Serbia,,,,,,,0
324,Serbia and Montenegro,,,,,,,0
325,Seychelles,,,,,,,0
326,Shetland,,,,,,,0
327,Sierra Leone,,,,,,,0
328,Sierra Leone,,,,,,,0
329,Silesia,,,,,,,0
330,Singapore,,,,,,,0
331,Sint Maarten,,,,,,,0
332,Sint Eustatius,,,,,,,0
333,Sint Maarten,,,,,,,0
334,Slovakia,,,,,,,0
335,Slovenia,,,,,,,0
336,Solomon Islands,,,,,,,0
337,Solomon Islands,,,,,,,0
338,Somalia,,,,,,,0
339,Somaliland,,,,,,,0
340,South Africa,🇿🇦 South Africa,RSA,ZA,CAF,A,https://flagcdn.com/w80/za.png,1
341,South Korea,🇰🇷 South Korea,KOR,KR,AFC,A,https://flagcdn.com/w80/kr.png,1
342,South Ossetia,,,,,,,0
343,South Sudan,,,,,,,0
344,South Yemen,,,,,,,0
345,Southern Rhodesia,,,,,,,0
346,South Africa,,,,,,,0
347,South Korea,,,,,,,0
348,South Sudan,,,,,,,0
349,South Vietnam,,,,,,,0
350,South Yemen,,,,,,,0
351,Soviet Union,,,,,,,0
352,Spain,🇪🇸 Spain,ESP,ES,UEFA,H,https://flagcdn.com/w80/es.png,1
353,Sri Lanka,,,,,,,0
354,Sri Lanka,,,,,,,0
355,Sudan,,,,,,,0
356,Surinam,,,,,,,0
357,Suriname,,,,,,,0
358,Surrey,,,,,,,0
359,Swaziland,,,,,,,0
360,Sweden,🇸🇪 Sweden,SWE,SE,UEFA,F,https://flagcdn.com/w80/se.png,1
361,Switzerland,🇨🇭 Switzerland,SUI,CH,UEFA,B,https://flagcdn.com/w80/ch.png,1
362,Syria,,,,,,,0
363,Székely Land,,,,,,,0
364,Sápmi,,,,,,,0
365,São Tomé and Príncipe,,,,,,,0
366,Tahiti,,,,,,,0
367,Taiwan,,,,,,,0
368,Tajikistan,,,,,,,0
369,Tamil Eelam,,,,,,,0
370,Tanganyika,,,,,,,0
371,Tanzania,,,,,,,0
372,Thailand,,,,,,,0
373,Tibet,,,,,,,0
374,Ticino,,,,,,,0
375,Timor-Leste,,,,,,,0
376,Togo,,,,,,,0
377,Tonga,,,,,,,0
378,Trinidad and Tobago,,,,,,,0
379,Trinidad and Tobago,,,,,,,0
380,Tunisia,🇹🇳 Tunisia,TUN,TN,CAF,F,https://flagcdn.com/w80/tn.png,1
381,Turkey,🇹🇷 Turkey,TUR,TR,UEFA,D,https://flagcdn.com/w80/tr.png,1
382,Turkmenistan,,,,,,,0
383,Turks and Caicos Islands,,,,,,,0
384,Turks and Caicos Islands,,,,,,,0
385,Tuvalu,,,,,,,0
386,Two Sicilies,,,,,,,0
387,US Virgin Islands,,,,,,,0
388,Uganda,,,,,,,0
389,Ukraine,,,,,,,0
390,United Arab Emirates,,,,,,,0
391,United Koreans in Japan,,,,,,,0
392,United States,🇺🇸 United States,USA,US,CONCACAF,D,https://flagcdn.com/w80/us.png,1
393,United States Virgin Islands,,,,,,,0
394,United Arab Emirates,,,,,,,0
395,United Arab Republic,,,,,,,0
396,United States,,,,,,,0
397,Upper Volta,,,,,,,0
398,Uruguay,🇺🇾 Uruguay,URU,UY,CONMEBOL,H,https://flagcdn.com/w80/uy.png,1
399,Uzbekistan,🇺🇿 Uzbekistan,UZB,UZ,AFC,K,https://flagcdn.com/w80/uz.png,1
400,Vanuatu,,,,,,,0
401,Vatican,,,,,,,0
402,Vatican City,,,,,,,0
403,Venezuela,,,,,,,0
404,Vietnam,,,,,,,0
405,Vietnam Republic,,,,,,,0
406,Wales,,,,,,,0
407,Wallis Islands and Futuna,,,,,,,0
408,Wallis and Futuna,,,,,,,0
409,West Papua,,,,,,,0
410,Western Armenia,,,,,,,0
411,Western Australia,,,,,,,0
412,Western Isles,,,,,,,0
413,Western Sahara,,,,,,,0
414,Western Sahara,,,,,,,0
415,West Germany,,,,,,,0
416,Yemen,,,,,,,0
417,Yemen DPR,,,,,,,0
418,Ynys Môn,,,,,,,0
419,Yorkshire,,,,,,,0
420,Yoruba Nation,,,,,,,0
421,Yugoslavia,,,,,,,0
422,Zambia,,,,,,,0
423,Zanzibar,,,,,,,0
424,Zimbabwe,,,,,,,0
425,Åland Islands,,,,,,,0
