team_stat_id,team_id,model_version,matches_played,total_points,weighted_points,goals_for,goals_against,points_per_match,weighted_points_per_match,goal_difference,gd_per_match,power_score_v1
1,2,modern_v2,31,28,63,24,51,0.9032258064516129,2.032258064516129,-27,-0.8709677419354839,0.8709677419354838
2,3,modern_v2,59,79,200,62,60,1.338983050847458,3.389830508474576,2,0.03389830508474576,2.047457627118644
3,4,modern_v2,2,0,0,1,8,0.0,0.0,-7,-3.5,-1.4
4,5,modern_v2,80,180,407,180,58,2.25,5.0875,122,1.525,3.6625
5,7,modern_v2,7,0,0,4,44,0.0,0.0,-40,-5.714285714285714,-2.285714285714286
6,9,modern_v2,57,34,64,28,97,0.5964912280701754,1.12280701754386,-69,-1.210526315789474,0.1894736842105263
7,10,modern_v2,59,87,219,68,51,1.474576271186441,3.711864406779661,17,0.288135593220339,2.342372881355932
8,11,modern_v2,28,13,28,13,89,0.4642857142857143,1.0,-76,-2.714285714285714,-0.4857142857142859
9,12,modern_v2,29,23,54,24,63,0.7931034482758621,1.862068965517241,-39,-1.344827586206897,0.5793103448275861
10,15,modern_v2,71,174,466,152,31,2.450704225352113,6.563380281690141,121,1.704225352112676,4.619718309859155
11,16,modern_v2,55,45,109,53,124,0.8181818181818182,1.981818181818182,-71,-1.290909090909091,0.6727272727272727
12,18,modern_v2,29,34,70,43,64,1.172413793103448,2.413793103448276,-21,-0.7241379310344828,1.158620689655173
13,20,modern_v2,61,119,324,108,46,1.950819672131147,5.311475409836065,62,1.016393442622951,3.593442622950819
14,21,modern_v2,63,113,292,118,67,1.793650793650794,4.634920634920635,51,0.8095238095238095,3.104761904761905
15,22,modern_v2,2,0,0,1,4,0.0,0.0,-3,-1.5,-0.6000000000000001
16,23,modern_v2,56,48,92,54,103,0.8571428571428571,1.642857142857143,-49,-0.875,0.6357142857142857
17,24,modern_v2,30,13,24,27,100,0.4333333333333333,0.8,-73,-2.433333333333333,-0.4933333333333333
18,25,modern_v2,77,113,230,107,97,1.467532467532467,2.987012987012987,10,0.1298701298701299,1.844155844155844
19,26,modern_v2,54,55,92,43,81,1.018518518518519,1.703703703703704,-38,-0.7037037037037037,0.7407407407407407
20,28,modern_v2,38,28,58,48,98,0.7368421052631579,1.526315789473684,-50,-1.315789473684211,0.3894736842105262
21,29,modern_v2,2,4,4,4,1,2.0,2.0,3,1.5,1.8
22,30,modern_v2,55,60,116,55,90,1.090909090909091,2.109090909090909,-35,-0.6363636363636364,1.010909090909091
23,31,modern_v2,67,127,344,144,61,1.895522388059701,5.134328358208955,83,1.238805970149254,3.576119402985074
24,32,modern_v2,36,38,74,42,65,1.055555555555556,2.055555555555555,-23,-0.6388888888888888,0.9777777777777776
25,33,modern_v2,50,58,149,50,65,1.16,2.98,-15,-0.3,1.668
26,34,modern_v2,39,42,96,65,94,1.076923076923077,2.461538461538462,-29,-0.7435897435897436,1.17948717948718
27,35,modern_v2,19,11,20,10,46,0.5789473684210527,1.052631578947368,-36,-1.894736842105263,-0.1263157894736843
28,36,modern_v2,3,6,12,2,1,2.0,4.0,1,0.3333333333333333,2.533333333333333
29,37,modern_v2,65,57,134,61,124,0.8769230769230769,2.061538461538461,-63,-0.9692307692307692,0.849230769230769
30,38,modern_v2,23,24,47,29,43,1.043478260869565,2.043478260869565,-14,-0.6086956521739131,0.9826086956521739
31,39,modern_v2,54,61,153,58,80,1.12962962962963,2.833333333333333,-22,-0.4074074074074074,1.537037037037037
32,41,modern_v2,46,50,118,38,61,1.08695652173913,2.565217391304348,-23,-0.5,1.339130434782609
33,42,modern_v2,66,132,360,128,53,2.0,5.454545454545454,75,1.136363636363636,3.727272727272727
34,43,modern_v2,30,23,44,29,66,0.7666666666666667,1.466666666666667,-37,-1.233333333333333,0.3866666666666665
35,47,modern_v2,28,25,54,23,85,0.8928571428571429,1.928571428571429,-62,-2.214285714285714,0.2714285714285712
36,48,modern_v2,57,56,118,59,92,0.9824561403508771,2.070175438596491,-33,-0.5789473684210527,1.010526315789474
37,49,modern_v2,72,118,298,107,78,1.638888888888889,4.138888888888889,29,0.4027777777777778,2.644444444444444
38,52,modern_v2,34,33,71,39,57,0.9705882352941176,2.088235294117647,-18,-0.5294117647058824,1.041176470588235
39,53,modern_v2,42,43,76,55,88,1.023809523809524,1.80952380952381,-33,-0.7857142857142857,0.7714285714285714
40,54,modern_v2,64,107,331,87,55,1.671875,5.171875,32,0.5,3.303125
41,55,modern_v2,77,138,308,140,68,1.792207792207792,4.0,72,0.935064935064935,2.774025974025974
42,57,modern_v2,60,99,261,77,59,1.65,4.35,18,0.3,2.73
43,61,modern_v2,28,24,52,25,70,0.8571428571428571,1.857142857142857,-45,-1.607142857142857,0.4714285714285714
44,63,modern_v2,39,34,86,43,72,0.8717948717948718,2.205128205128205,-29,-0.7435897435897436,1.025641025641026
45,67,modern_v2,27,13,35,15,49,0.4814814814814815,1.296296296296296,-34,-1.259259259259259,0.274074074074074
46,70,modern_v2,2,3,9,5,4,1.5,4.5,1,0.5,2.9
47,72,modern_v2,65,77,154,71,82,1.184615384615385,2.369230769230769,-11,-0.1692307692307692,1.353846153846154
48,73,modern_v2,50,60,143,61,66,1.2,2.86,-5,-0.1,1.676
49,77,modern_v2,68,126,286,111,55,1.852941176470588,4.205882352941177,56,0.8235294117647058,2.852941176470588
50,78,modern_v2,62,78,174,75,84,1.258064516129032,2.806451612903226,-9,-0.1451612903225807,1.625806451612903
51,79,modern_v2,31,21,53,25,61,0.6774193548387096,1.709677419354839,-36,-1.161290322580645,0.5612903225806452
52,81,modern_v2,10,6,15,5,33,0.6,1.5,-28,-2.8,-0.22
53,84,modern_v2,79,119,296,114,99,1.506329113924051,3.746835443037975,15,0.189873417721519,2.324050632911392
54,88,modern_v2,69,129,357,119,65,1.869565217391304,5.173913043478261,54,0.782608695652174,3.417391304347826
55,89,modern_v2,48,59,117,58,75,1.229166666666667,2.4375,-17,-0.3541666666666667,1.320833333333333
56,91,modern_v2,47,63,156,82,63,1.340425531914894,3.319148936170213,19,0.4042553191489361,2.153191489361702
57,92,modern_v2,56,47,88,51,114,0.8392857142857143,1.571428571428571,-63,-1.125,0.4928571428571428
58,93,modern_v2,64,107,255,116,76,1.671875,3.984375,40,0.625,2.640625
59,96,modern_v2,62,101,278,71,44,1.629032258064516,4.483870967741935,27,0.4354838709677419,2.864516129032258
60,100,modern_v2,67,127,340,129,60,1.895522388059701,5.074626865671642,69,1.029850746268657,3.456716417910448
61,101,modern_v2,26,12,22,19,74,0.4615384615384616,0.8461538461538461,-55,-2.115384615384615,-0.3384615384615386
62,102,modern_v2,30,32,63,34,52,1.066666666666667,2.1,-18,-0.6,1.02
63,103,modern_v2,45,65,134,88,59,1.444444444444444,2.977777777777778,29,0.6444444444444445,2.044444444444444
64,107,modern_v2,3,3,6,7,11,1.0,2.0,-4,-1.333333333333333,0.6666666666666666
65,111,modern_v2,70,110,249,75,53,1.571428571428571,3.557142857142857,22,0.3142857142857143,2.26
66,112,modern_v2,77,152,411,119,53,1.974025974025974,5.337662337662338,66,0.8571428571428571,3.545454545454546
67,113,modern_v2,80,84,192,77,98,1.05,2.4,-21,-0.2625,1.335
68,114,modern_v2,1,3,3,5,0,3.0,3.0,5,5.0,3.8
69,117,modern_v2,72,156,461,157,43,2.166666666666667,6.402777777777778,114,1.583333333333333,4.475
70,118,modern_v2,56,73,210,53,65,1.303571428571429,3.75,-12,-0.2142857142857143,2.164285714285714
71,121,modern_v2,61,60,117,57,109,0.9836065573770492,1.918032786885246,-52,-0.8524590163934426,0.8098360655737704
72,122,modern_v2,46,44,102,44,64,0.9565217391304348,2.217391304347826,-20,-0.4347826086956522,1.156521739130435
73,123,modern_v2,47,52,105,50,63,1.106382978723404,2.234042553191489,-13,-0.2765957446808511,1.229787234042553
74,124,modern_v2,4,1,2,3,13,0.25,0.5,-10,-2.5,-0.7
75,126,modern_v2,55,52,107,48,82,0.9454545454545454,1.945454545454546,-34,-0.6181818181818182,0.9199999999999999
76,130,modern_v2,35,46,94,57,59,1.314285714285714,2.685714285714285,-2,-0.05714285714285714,1.588571428571428
77,131,modern_v2,61,65,182,67,89,1.065573770491803,2.983606557377049,-22,-0.360655737704918,1.645901639344262
78,132,modern_v2,71,148,421,153,63,2.084507042253521,5.929577464788732,90,1.267605633802817,4.064788732394366
79,134,modern_v2,22,31,70,34,28,1.409090909090909,3.181818181818182,6,0.2727272727272727,2.018181818181818
80,136,modern_v2,7,3,6,7,29,0.4285714285714285,0.8571428571428571,-22,-3.142857142857143,-0.7428571428571429
81,137,modern_v2,49,71,194,69,68,1.448979591836735,3.959183673469388,1,0.02040816326530612,2.383673469387755
82,138,modern_v2,1,0,0,0,2,0.0,0.0,-2,-2.0,-0.8
83,139,modern_v2,47,64,170,64,61,1.361702127659574,3.617021276595745,3,0.06382978723404255,2.195744680851063
84,140,modern_v2,58,86,183,95,80,1.482758620689655,3.155172413793104,15,0.2586206896551724,1.996551724137931
85,142,modern_v2,68,129,296,157,76,1.897058823529412,4.352941176470588,81,1.191176470588235,3.088235294117647
86,143,modern_v2,62,81,224,75,75,1.306451612903226,3.612903225806452,0,0.0,2.167741935483871
87,144,modern_v2,55,30,37,31,154,0.5454545454545454,0.6727272727272727,-123,-2.236363636363636,-0.4909090909090909
88,146,modern_v2,7,8,16,7,7,1.142857142857143,2.285714285714286,0,0.0,1.371428571428571
89,147,modern_v2,56,93,211,86,52,1.660714285714286,3.767857142857143,34,0.6071428571428571,2.503571428571429
90,148,modern_v2,4,4,8,5,12,1.0,2.0,-7,-1.75,0.4999999999999999
91,149,modern_v2,44,39,70,49,93,0.8863636363636364,1.590909090909091,-44,-1.0,0.5545454545454545
92,150,modern_v2,34,54,124,57,38,1.588235294117647,3.647058823529412,19,0.5588235294117647,2.411764705882353
93,151,modern_v2,15,7,17,15,44,0.4666666666666667,1.133333333333333,-29,-1.933333333333333,-0.09333333333333349
94,152,modern_v2,76,110,217,104,91,1.447368421052632,2.855263157894737,13,0.1710526315789474,1.781578947368421
95,153,modern_v2,7,12,24,10,6,1.714285714285714,3.428571428571428,4,0.5714285714285714,2.285714285714286
96,154,modern_v2,59,81,203,70,64,1.372881355932203,3.440677966101695,6,0.1016949152542373,2.105084745762712
97,155,modern_v2,46,46,129,45,65,1.0,2.804347826086957,-20,-0.4347826086956522,1.508695652173913
98,156,modern_v2,42,64,137,79,73,1.523809523809524,3.261904761904762,6,0.1428571428571428,2.014285714285714
99,158,modern_v2,51,90,204,121,63,1.764705882352941,4.0,58,1.137254901960784,2.854901960784314
100,159,modern_v2,4,6,12,13,10,1.5,3.0,3,0.75,2.1
101,160,modern_v2,3,3,6,6,10,1.0,2.0,-4,-1.333333333333333,0.6666666666666666
102,161,modern_v2,74,87,193,85,101,1.175675675675676,2.608108108108108,-16,-0.2162162162162162,1.478378378378378
103,162,modern_v2,53,64,127,74,75,1.207547169811321,2.39622641509434,-1,-0.01886792452830189,1.430188679245283
104,164,modern_v2,62,101,236,87,75,1.629032258064516,3.806451612903226,12,0.1935483870967742,2.361290322580645
105,165,modern_v2,66,69,153,87,111,1.045454545454545,2.318181818181818,-24,-0.3636363636363636,1.245454545454545
106,166,modern_v2,53,60,128,50,62,1.132075471698113,2.415094339622641,-12,-0.2264150943396226,1.358490566037736
107,167,modern_v2,74,112,236,127,108,1.513513513513514,3.189189189189189,19,0.2567567567567567,2.016216216216216
108,168,modern_v2,62,139,349,131,46,2.241935483870968,5.629032258064516,85,1.370967741935484,3.925806451612903
109,169,modern_v2,76,130,311,97,72,1.710526315789474,4.092105263157895,25,0.3289473684210527,2.586842105263158
110,172,modern_v2,9,18,36,30,12,2.0,4.0,18,2.0,3.2
111,173,modern_v2,4,9,18,7,4,2.25,4.5,3,0.75,3.0
112,174,modern_v2,52,73,186,87,96,1.403846153846154,3.576923076923077,-9,-0.1730769230769231,2.076923076923077
113,175,modern_v2,68,132,344,125,70,1.941176470588235,5.058823529411764,55,0.8088235294117647,3.358823529411765
114,176,modern_v2,66,136,370,119,48,2.060606060606061,5.606060606060606,71,1.075757575757576,3.793939393939394
115,178,modern_v2,81,112,250,100,99,1.382716049382716,3.08641975308642,1,0.01234567901234568,1.85679012345679
116,179,modern_v2,68,153,379,185,44,2.25,5.573529411764706,141,2.073529411764706,4.173529411764706
117,180,modern_v2,11,28,56,33,11,2.545454545454545,5.090909090909091,22,2.0,3.854545454545454
118,181,modern_v2,81,132,282,130,98,1.62962962962963,3.481481481481481,32,0.3950617283950617,2.246913580246913
119,183,modern_v2,55,62,161,55,95,1.127272727272727,2.927272727272727,-40,-0.7272727272727273,1.465454545454545
120,184,modern_v2,41,54,121,48,53,1.317073170731707,2.951219512195122,-5,-0.1219512195121951,1.721951219512195
121,185,modern_v2,1,3,9,2,1,3.0,9.0,1,1.0,5.8
122,188,modern_v2,57,88,187,86,69,1.543859649122807,3.280701754385965,17,0.2982456140350877,2.087719298245614
123,190,modern_v2,66,73,138,72,98,1.106060606060606,2.090909090909091,-26,-0.3939393939393939,1.096969696969697
124,191,modern_v2,45,49,117,60,71,1.088888888888889,2.6,-11,-0.2444444444444444,1.462222222222222
125,193,modern_v2,29,17,31,25,75,0.5862068965517241,1.068965517241379,-50,-1.724137931034483,-0.04827586206896561
126,194,modern_v2,55,51,114,52,88,0.9272727272727272,2.072727272727273,-36,-0.6545454545454545,0.9818181818181818
127,195,modern_v2,54,61,145,57,60,1.12962962962963,2.685185185185185,-3,-0.05555555555555555,1.588888888888889
128,196,modern_v2,49,46,106,34,76,0.9387755102040817,2.163265306122449,-42,-0.8571428571428571,0.9551020408163265
129,197,modern_v2,44,38,99,38,71,0.8636363636363636,2.25,-33,-0.75,1.05
130,198,modern_v2,48,67,135,50,53,1.395833333333333,2.8125,-3,-0.0625,1.6625
131,199,modern_v2,55,11,18,13,155,0.2,0.3272727272727273,-142,-2.581818181818182,-0.8363636363636366
132,200,modern_v2,57,34,77,36,101,0.5964912280701754,1.350877192982456,-65,-1.140350877192982,0.3543859649122806
133,202,modern_v2,54,50,133,41,88,0.9259259259259259,2.462962962962963,-47,-0.8703703703703703,1.12962962962963
134,204,modern_v2,12,1,3,3,31,0.08333333333333333,0.25,-28,-2.333333333333333,-0.7833333333333334
135,206,modern_v2,45,53,121,52,66,1.177777777777778,2.688888888888889,-14,-0.3111111111111111,1.488888888888889
136,208,modern_v2,56,62,153,48,70,1.107142857142857,2.732142857142857,-22,-0.3928571428571428,1.482142857142857
137,210,modern_v2,61,107,209,112,80,1.754098360655738,3.426229508196721,32,0.5245901639344263,2.265573770491803
138,211,modern_v2,37,35,59,34,66,0.9459459459459459,1.594594594594595,-32,-0.8648648648648649,0.6108108108108107
139,212,modern_v2,59,108,302,87,32,1.830508474576271,5.11864406779661,55,0.9322033898305084,3.444067796610169
140,213,modern_v2,53,50,83,44,103,0.9433962264150944,1.566037735849057,-59,-1.113207547169811,0.4943396226415094
141,215,modern_v2,2,3,6,3,2,1.5,3.0,1,0.5,2.0
142,216,modern_v2,2,0,0,2,7,0.0,0.0,-5,-2.5,-1.0
143,218,modern_v2,27,25,55,25,47,0.9259259259259259,2.037037037037037,-22,-0.8148148148148148,0.8962962962962964
144,219,modern_v2,3,4,8,2,2,1.333333333333333,2.666666666666667,0,0.0,1.6
145,220,modern_v2,2,6,12,2,0,3.0,6.0,2,1.0,4.0
146,221,modern_v2,62,68,148,46,74,1.096774193548387,2.387096774193548,-28,-0.4516129032258064,1.251612903225807
147,222,modern_v2,33,28,65,26,44,0.8484848484848485,1.96969696969697,-18,-0.5454545454545454,0.9636363636363637
148,223,modern_v2,2,2,4,0,0,1.0,2.0,0,0.0,1.2
149,224,modern_v2,4,3,6,6,7,0.75,1.5,-1,-0.25,0.7999999999999999
150,225,modern_v2,101,180,335,146,87,1.782178217821782,3.316831683168317,59,0.5841584158415841,2.223762376237624
151,227,modern_v2,57,51,110,52,121,0.8947368421052632,1.929824561403509,-69,-1.210526315789474,0.6736842105263159
152,229,modern_v2,21,13,31,9,52,0.6190476190476191,1.476190476190476,-43,-2.047619047619047,0.06666666666666676
153,230,modern_v2,56,67,152,64,84,1.196428571428571,2.714285714285714,-20,-0.3571428571428572,1.485714285714286
154,231,modern_v2,26,27,65,31,55,1.038461538461539,2.5,-24,-0.9230769230769231,1.130769230769231
155,232,modern_v2,85,203,529,172,38,2.388235294117647,6.223529411764706,134,1.576470588235294,4.364705882352941
156,233,modern_v2,64,74,189,66,85,1.15625,2.953125,-19,-0.296875,1.653125
157,234,modern_v2,49,36,70,47,135,0.7346938775510204,1.428571428571429,-88,-1.795918367346939,0.1387755102040815
158,235,modern_v2,48,55,149,42,55,1.145833333333333,3.104166666666667,-13,-0.2708333333333333,1.754166666666666
159,236,modern_v2,50,52,85,38,86,1.04,1.7,-48,-0.96,0.636
160,237,modern_v2,69,142,410,169,70,2.057971014492753,5.942028985507246,99,1.434782608695652,4.139130434782609
161,239,modern_v2,21,32,68,42,26,1.523809523809524,3.238095238095238,16,0.7619047619047619,2.247619047619048
162,240,modern_v2,47,70,149,87,47,1.48936170212766,3.170212765957447,40,0.851063829787234,2.242553191489361
163,243,modern_v2,53,73,148,80,65,1.377358490566038,2.792452830188679,15,0.2830188679245283,1.788679245283019
164,244,modern_v2,51,48,107,59,80,0.9411764705882353,2.098039215686275,-21,-0.4117647058823529,1.094117647058823
165,245,modern_v2,71,129,389,115,63,1.816901408450704,5.47887323943662,52,0.7323943661971831,3.580281690140845
166,247,modern_v2,18,14,38,22,28,0.7777777777777778,2.111111111111111,-6,-0.3333333333333333,1.133333333333333
167,248,modern_v2,60,80,195,80,83,1.333333333333333,3.25,-3,-0.05,1.93
168,251,modern_v2,54,67,146,60,64,1.240740740740741,2.703703703703704,-4,-0.07407407407407407,1.592592592592593
169,252,modern_v2,6,7,14,9,22,1.166666666666667,2.333333333333333,-13,-2.166666666666667,0.5333333333333334
170,261,modern_v2,56,108,248,125,54,1.928571428571429,4.428571428571429,71,1.267857142857143,3.164285714285714
171,263,modern_v2,79,123,261,90,74,1.556962025316456,3.30379746835443,16,0.2025316455696203,2.063291139240506
172,264,modern_v2,7,13,26,15,12,1.857142857142857,3.714285714285714,3,0.4285714285714285,2.4
173,266,modern_v2,23,12,30,9,53,0.5217391304347826,1.304347826086957,-44,-1.91304347826087,0.0173913043478261
174,268,modern_v2,49,60,155,56,59,1.224489795918367,3.163265306122449,-3,-0.06122448979591837,1.873469387755102
175,269,modern_v2,90,152,350,150,112,1.688888888888889,3.888888888888889,38,0.4222222222222222,2.502222222222222
176,271,modern_v2,29,40,86,38,52,1.379310344827586,2.96551724137931,-14,-0.4827586206896552,1.586206896551724
177,273,modern_v2,59,70,168,52,69,1.186440677966102,2.847457627118644,-17,-0.288135593220339,1.593220338983051
178,275,modern_v2,65,80,179,59,73,1.230769230769231,2.753846153846154,-14,-0.2153846153846154,1.566153846153846
179,276,modern_v2,49,60,129,73,76,1.224489795918367,2.63265306122449,-3,-0.06122448979591837,1.555102040816327
180,277,modern_v2,65,100,264,108,88,1.538461538461539,4.061538461538461,20,0.3076923076923077,2.56
181,278,modern_v2,69,147,412,166,56,2.130434782608696,5.971014492753623,110,1.594202898550725,4.220289855072464
182,280,modern_v2,37,60,129,81,49,1.621621621621622,3.486486486486486,32,0.8648648648648649,2.437837837837838
183,282,modern_v2,85,129,298,120,116,1.517647058823529,3.505882352941176,4,0.04705882352941176,2.122352941176471
184,284,modern_v2,5,8,14,17,11,1.6,2.8,6,1.2,2.16
185,285,modern_v2,57,78,155,74,64,1.368421052631579,2.719298245614035,10,0.1754385964912281,1.701754385964912
186,290,modern_v2,60,93,254,90,61,1.55,4.233333333333333,29,0.4833333333333333,2.733333333333333
187,291,modern_v2,43,89,142,87,29,2.069767441860465,3.302325581395349,58,1.348837209302326,2.52093023255814
188,292,modern_v2,42,48,110,34,39,1.142857142857143,2.619047619047619,-5,-0.119047619047619,1.523809523809524
189,294,modern_v2,4,5,10,3,3,1.25,2.5,0,0.0,1.5
190,298,modern_v2,2,3,3,7,4,1.5,1.5,3,1.5,1.5
191,299,modern_v2,4,0,0,2,17,0.0,0.0,-15,-3.75,-1.5
192,300,modern_v2,43,58,117,61,84,1.348837209302326,2.720930232558139,-23,-0.5348837209302325,1.418604651162791
193,301,modern_v2,29,42,81,37,52,1.448275862068966,2.793103448275862,-15,-0.5172413793103449,1.468965517241379
194,302,modern_v2,21,32,61,42,33,1.523809523809524,2.904761904761905,9,0.4285714285714285,1.914285714285714
195,304,modern_v2,44,57,101,76,92,1.295454545454545,2.295454545454545,-16,-0.3636363636363636,1.231818181818182
196,311,modern_v2,14,18,48,26,33,1.285714285714286,3.428571428571428,-7,-0.5,1.857142857142857
197,312,modern_v2,56,11,18,20,170,0.1964285714285714,0.3214285714285715,-150,-2.678571428571428,-0.8785714285714286
198,316,modern_v2,88,135,324,103,80,1.534090909090909,3.681818181818182,23,0.2613636363636364,2.313636363636363
199,319,modern_v2,62,97,249,96,80,1.564516129032258,4.016129032258065,16,0.2580645161290323,2.512903225806451
200,322,modern_v2,81,174,484,146,55,2.148148148148148,5.975308641975309,91,1.123456790123457,4.034567901234568
201,323,modern_v2,63,103,244,95,74,1.634920634920635,3.873015873015873,21,0.3333333333333333,2.457142857142857
202,325,modern_v2,30,12,20,14,93,0.4,0.6666666666666666,-79,-2.633333333333333,-0.6533333333333335
203,326,modern_v2,7,11,22,16,11,1.571428571428571,3.142857142857143,5,0.7142857142857143,2.171428571428571
204,327,modern_v2,43,50,115,44,62,1.162790697674419,2.674418604651163,-18,-0.4186046511627907,1.437209302325581
205,330,modern_v2,58,75,141,81,104,1.293103448275862,2.431034482758621,-23,-0.396551724137931,1.3
206,331,modern_v2,24,34,68,40,55,1.416666666666667,2.833333333333333,-15,-0.625,1.45
207,334,modern_v2,63,97,257,85,70,1.53968253968254,4.079365079365079,15,0.2380952380952381,2.542857142857143
208,335,modern_v2,61,95,227,79,64,1.557377049180328,3.721311475409836,15,0.2459016393442623,2.331147540983606
209,336,modern_v2,34,48,98,56,59,1.411764705882353,2.882352941176471,-3,-0.08823529411764706,1.694117647058823
210,338,modern_v2,20,6,12,9,39,0.3,0.6,-30,-1.5,-0.2400000000000001
211,340,modern_v2,74,133,318,102,59,1.797297297297297,4.297297297297297,43,0.581081081081081,2.810810810810811
212,341,modern_v2,71,143,332,140,65,2.014084507042254,4.676056338028169,75,1.056338028169014,3.228169014084507
213,343,modern_v2,35,23,61,23,61,0.6571428571428571,1.742857142857143,-38,-1.085714285714286,0.6114285714285713
214,352,modern_v2,72,160,446,170,58,2.222222222222222,6.194444444444445,112,1.555555555555556,4.338888888888889
215,353,modern_v2,34,30,58,28,53,0.8823529411764706,1.705882352941176,-25,-0.7352941176470589,0.7294117647058822
216,355,modern_v2,60,61,158,42,75,1.016666666666667,2.633333333333333,-33,-0.55,1.36
217,357,modern_v2,43,62,149,66,49,1.441860465116279,3.465116279069767,17,0.3953488372093023,2.237209302325581
218,360,modern_v2,63,109,232,111,81,1.73015873015873,3.682539682539682,30,0.4761904761904762,2.399999999999999
219,361,modern_v2,69,117,312,126,80,1.695652173913043,4.521739130434782,46,0.6666666666666666,2.979710144927536
220,362,modern_v2,62,72,178,77,81,1.161290322580645,2.870967741935484,-4,-0.06451612903225806,1.696774193548387
221,363,modern_v2,2,6,18,10,2,3.0,9.0,8,4.0,7.0
222,364,modern_v2,1,0,0,1,2,0.0,0.0,-1,-1.0,-0.4
223,365,modern_v2,22,7,21,13,64,0.3181818181818182,0.9545454545454546,-51,-2.318181818181818,-0.3545454545454546
224,366,modern_v2,19,32,61,34,23,1.684210526315789,3.210526315789474,11,0.5789473684210527,2.157894736842105
225,367,modern_v2,28,20,38,34,68,0.7142857142857143,1.357142857142857,-34,-1.214285714285714,0.3285714285714286
226,368,modern_v2,50,76,170,68,49,1.52,3.4,19,0.38,2.192
227,369,modern_v2,6,18,36,20,3,3.0,6.0,17,2.833333333333333,4.733333333333333
228,371,modern_v2,54,59,149,44,57,1.092592592592593,2.759259259259259,-13,-0.2407407407407407,1.559259259259259
229,372,modern_v2,77,138,276,144,85,1.792207792207792,3.584415584415584,59,0.7662337662337663,2.457142857142857
230,373,modern_v2,5,1,1,12,21,0.2,0.2,-9,-1.8,-0.6000000000000001
231,374,modern_v2,2,0,0,2,13,0.0,0.0,-11,-5.5,-2.2
232,375,modern_v2,25,13,39,16,73,0.52,1.56,-57,-2.28,0.02400000000000002
233,376,modern_v2,43,52,116,48,50,1.209302325581395,2.697674418604651,-2,-0.04651162790697674,1.6
234,377,modern_v2,8,6,15,12,23,0.75,1.875,-11,-1.375,0.575
235,378,modern_v2,68,93,195,103,108,1.367647058823529,2.867647058823529,-5,-0.07352941176470588,1.691176470588235
236,380,modern_v2,80,147,374,112,58,1.8375,4.675,54,0.675,3.075
237,381,modern_v2,65,122,310,128,90,1.876923076923077,4.769230769230769,38,0.5846153846153846,3.095384615384615
238,382,modern_v2,25,25,66,27,43,1.0,2.64,-16,-0.64,1.328
239,383,modern_v2,23,22,43,24,67,0.9565217391304348,1.869565217391304,-43,-1.869565217391304,0.3739130434782607
240,385,modern_v2,4,6,12,8,10,1.5,3.0,-2,-0.5,1.6
241,386,modern_v2,2,0,0,1,10,0.0,0.0,-9,-4.5,-1.8
242,388,modern_v2,53,65,165,51,66,1.226415094339623,3.113207547169811,-15,-0.2830188679245283,1.754716981132075
243,389,modern_v2,63,100,265,93,80,1.587301587301587,4.206349206349207,13,0.2063492063492063,2.606349206349206
244,390,modern_v2,71,111,258,107,73,1.563380281690141,3.633802816901408,34,0.4788732394366197,2.371830985915493
245,392,modern_v2,92,168,324,172,88,1.826086956521739,3.521739130434783,84,0.9130434782608695,2.478260869565217
246,393,modern_v2,24,15,32,25,56,0.625,1.333333333333333,-31,-1.291666666666667,0.2833333333333332
247,398,modern_v2,66,108,281,85,50,1.636363636363636,4.257575757575758,35,0.5303030303030303,2.766666666666667
248,399,modern_v2,61,117,267,103,49,1.918032786885246,4.377049180327869,54,0.8852459016393442,2.980327868852459
249,400,modern_v2,27,30,57,34,56,1.111111111111111,2.111111111111111,-22,-0.8148148148148148,0.9407407407407407
250,403,modern_v2,60,71,161,64,81,1.183333333333333,2.683333333333333,-17,-0.2833333333333333,1.496666666666667
251,404,modern_v2,66,105,209,106,77,1.590909090909091,3.166666666666667,29,0.4393939393939394,2.075757575757576
252,406,modern_v2,62,85,238,81,76,1.370967741935484,3.838709677419355,5,0.08064516129032258,2.335483870967742
253,409,modern_v2,1,1,1,1,1,1.0,1.0,0,0.0,0.6
254,412,modern_v2,6,7,14,7,7,1.166666666666667,2.333333333333333,0,0.0,1.4
255,416,modern_v2,29,28,75,39,47,0.9655172413793104,2.586206896551724,-8,-0.2758620689655172,1.441379310344828
256,418,modern_v2,6,15,30,13,7,2.5,5.0,6,1.0,3.4
257,420,modern_v2,2,1,2,1,2,0.5,1.0,-1,-0.5,0.4
258,422,modern_v2,60,81,202,78,86,1.35,3.366666666666667,-8,-0.1333333333333333,1.966666666666667
259,423,modern_v2,4,9,18,4,2,2.25,4.5,2,0.5,2.9
260,424,modern_v2,42,36,94,32,50,0.8571428571428571,2.238095238095238,-18,-0.4285714285714285,1.171428571428571
261,425,modern_v2,4,1,2,2,9,0.25,0.5,-7,-1.75,-0.4000000000000001
